tweet,date,retweets_count,link
그래서 저는 부동산 값 폭등을 문제 삼는 분들이 왜 이명박근혜 정부에 대해서는 그렇게 관대한 것인지 묻고 싶어요 윤석열은 70만 고소득자들을 위해 당장 종부세부터 감면하려고 하잖아요 ,2021-11-21,2,https://twitter.com/khkim2744/status/1462431114815893510
 좌파가 정권 심판을 위해 윤석열 어쩌고저쩌고 떠드는 이야기를 보면 너네 좀 더 솔직해질 필요가 있지 않겠니 세계적인 팬데믹 상황과 중국의 독자노선 앞에서 보건과 군사문제는 핑계일 뿐이고 코인과 부동산 규제 그리고 조금 더 늘어난 세금에 눈이 뒤집힌 것뿐이잖아 그게 무슨 좌파야 ,2021-11-21,0,https://twitter.com/shoon0312/status/1462425137744003073
수원에 지식 산업센터는 왜 짓는 걸까요 학원 사업 수원 학원들끼리 담합해서 내 교육사업 죽이라고 지식산업센터 지어주는 건가요 아주 살판났던데 뭐든지 담합해서 나를 죽이는 정책 불법 과외 허용으로도 부족해서 지식 산업센터까지 그렇게까지 해주는데 부동산 중개인들은 윤석열 찍는,2021-11-21,0,https://twitter.com/uzRqvfTiJNzMHn7/status/1462411947173826560
부동산 보유세 내기 싫으면 북한이나 중국 가세요 내가 이재용 정용진 같은 재벌이 나 태평양 다니는 전관예우 변호 사 부동산 투기하는 연예인들 걱 정할 여유 없으니 윤석열 장모 때문에 보험료 올라 간 게 걱정이다,2021-11-21,1,https://twitter.com/a20023882/status/1462411523599781888
아까 청년실업 부동산 질문하신 할아버지 우리나라 선진국 됐다고 강조해서 얘기하신 거 고마웠음 그거 모르고 쌍팔년도 사는 줄 아는 사람도 많아 대표적으로 윤석열,2021-11-21,26,https://twitter.com/ektlskfwk/status/1462395762369708037
 yongddy dud61755 부동산만 그렇나 국가의 장기적 비전을 아무것도 설계하지 못한 인간 전두환은 과외금지라도 했고 노태우는 북방 외교 주택 2백만 호라도 했다 박근혜 이후 가장 무능한 지도자 홍남기한테도 윤석열한테도 자기가 임명해놓고 찍소리도 못하는 비겁자,2021-11-21,0,https://twitter.com/copyleft21/status/1462393956818247686
윤석열은 80만 명 슈퍼 부자들을 위해서 종합부동산세를 없애려고 하는가 일반 국민 서민은 안중에도 없다 ㆍ 납세자 규모 역시 80만 명에 이르러 10만 명 이상 증가할 것으로 보입니다 RVBCglDQIe,2021-11-21,0,https://twitter.com/BagOgdu/status/1462391530572812289
 mindam0518 문재인 부동산은 김현미 뒤에 숨고 윤석열이 자르는 것은 추미애 뒤에 숨고 전 국민 재난지원금 논란은 홍남기 뒤에 숨고 이재용 가석방은 박범계 뒤에 숨고 노태우 국가장은 김부겸 뒤에 숨고 문재인 네가 지도자냐 에라 비겁한 놈아,2021-11-21,0,https://twitter.com/copyleft21/status/1462390376044523532
부동산 정책에 대해서 솔직히 인정하시네 외교 국가 위상 방역 국방력 등등은 많이 올라갔다 하시는 너무 솔직하고 담백하신 대통령님 표정과 언변이 역시나 문포 우리 대통령 그런데 용안이 좋아 보이지 않으시네 저 자리에 이재명 윤석열이 있어야 되나 도저히 상상이 안되고 그래서도 안된다 ,2021-11-21,11,https://twitter.com/586out/status/1462385807189180421
어 미쳐 생각 못 한 것이 있음 논문 이재명 네 아내 논문 표절 윤석열 넌 네가 논문 표절 게이트 이재명 네 아내 주가조작 윤석열 넌 네가 부동산 게이트 설계에야 토론 끝났다 토론하면 이재명 지지율 한 자릿수다,2021-11-21,1,https://twitter.com/zihana1/status/1462378079091707906
문재인은 인권 변호사 출신에 당내에서 입지 탄탄했고 홍준표는 흙 수저 출신 보수에 베테랑 정치인임 근데 지금 이재명 gt 보지도 찢고 부동산도 찢을 예정 윤석열 gt 이준석대왐응딩이뒤에숨는엉덩이탐정 기가 찬다고 시발,2021-11-21,0,https://twitter.com/iceonmynecks2/status/1462375771993825282
YouTube에서 이재명은 언제 이렇게 연구했대 윤석열의 종부세 폐지와 비교불가 청년 부동산 질문에 이재명 고퀄 답변 은 우연 아니었다 부동산 정책 실패 알고 보니 토건세력들 너무했네 보기 nuGtq80Ry4,2021-11-21,0,https://twitter.com/Wrm94591582/status/1462367723850137608
 Jaemyung_Lee 이재명은 합니다 가 아니라 이재명은 다릅니다레 바꿔보세요 부동산 30년 동안 임대가 아니라 평생 임대 가능 공정 조국 윤미향을 끌어안고 있으니 국민들이 분노하는 거죠 이 두 개가 해결이 안 되면 윤석열이 똥 막대 기여도 이기기 어려워요 윤석열이 문제가 아니라 민주당이 문제죠 ,2021-11-21,0,https://twitter.com/soowall39/status/1462313939752996864
문재인 몰표 2030 이재명엔 싸늘 조국 사태 등 악재 3Lhd8V54vs 부동산 폭등 등으로 삶의 질이 되려 후퇴한데다 조국 사태로 대변되는 내로남불은 2030세대 이반을 초래 미국 달러 프린트 벌 전 세계 부동산 상승 윤석열의 조국 찍어내기 공작 수사를 2030이 아직도 모른다고 ,2021-11-21,0,https://twitter.com/spring4299/status/1462304805544611844
윤석열 국민의 힘 대선 후보는 연일 세금 부동산 문제 등 현 정권의 실책을 지적하고 있습니다 oXi0s84hzm,2021-11-21,0,https://twitter.com/PRESSIAN_news/status/1462301309898412034
 ANNGWANGOK 윤석열이 저런 자가 부동산 전문가라고 국진 어쩔 bZSyQtwFmB,2021-11-21,0,https://twitter.com/wXm0itKLrstwtTf/status/1462278440468434950
장모가 건강보험 23억 원 사기 친 죄로 징역 3년이 선고됐고 아산 땅투기로 132억 빼먹었고 농지법 위반하며 양평 아파트 불법 개발로 800억 챙겨 먹었고 김건희는 주가조작으로 개미 잡아먹었는데 윤석열이 공정과 상식을 들먹이며 부동산 문제를 말하는 것은 정말 뻔뻔해도 너무 뻔뻔하고 파렴치하다,2021-11-21,0,https://twitter.com/MiamiMom00700/status/1462275031048892418
우리나라 대선주자 후보가 이재명 윤석열이라니 사람들이 부동산 때문에 머리가 돌아버린 듯 퇴화됐어 ,2021-11-21,0,https://twitter.com/minimal4921/status/1462267895967203329
윤석열이 아는 게 있어야 견해를 밝히든지 하지요 이재명 윤석열 주식과 자본시장 견해 밝히라 주식으로 부동산 돌파구 찾기 출처 경향신문 네이버 뉴스 04eoqiuNun,2021-11-21,5,https://twitter.com/maxbuz2018/status/1462265128271826956
주거 참사가 왜 생기는지 너희 장모한테 물어봐라 윤석열 현 정부 부동산 대책 주거 안정 아닌 주거 참사 fc4SBDE7pB,2021-11-21,0,https://twitter.com/hojuguide/status/1462264692198371329
윤석열은 문재인 정부에서 좌천의 비애를 만회하는 고속 승진의 은덕을 입고도 부동산 투기 세력 금융 사기 수사는 뒷전 정치적 성향 맞는 국힘당을 위해 민주당 정권 수사로 1년 반을 보냈다 국힘당 후보가 돼서도 반민주당 인사들만 찾았다 김병준 김한길ᆢ역린의 무리 문재인 대통령의 최대의 실수였다,2021-11-21,2,https://twitter.com/jskim730/status/1462254807737987074
윤석열은 박근혜를 감옥 보낸 것도 검찰을 위한 것이었는데 검찰개혁하라는 문재인 대통령의 지시부터 맞지 않는 옷이었다 그래서 1년 반을 대들다가 기어이 뛰쳐나가 정치적 성향이 맞는 국힘당의 대선후보가 되었다 부동산 투기세력 금융 사기꾼 잡는 검찰이 아니라 정권 타도가 목적이었다,2021-11-21,2,https://twitter.com/jskim730/status/1462250937943146498
윤석열 문 정부 부동산 정책 주거 안정 아닌 주거 참사 다음 뉴스 epOoHo5JmE,2021-11-21,1,https://twitter.com/nannana1232/status/1462238294691876865
윤석열 문 정부 부동산 정책 주거 안정 아닌 주거 참사 다음 뉴스 DHD5OatjzY,2021-11-21,0,https://twitter.com/bongpalli/status/1462238293005717508
글쎄 윤석열은 장모님이 계속 요양급여 몇십 억씩 해 드시려면 부동산 자산 많으신 분들이 보험료 많이 내야 가능하지 않을까 ,2021-11-21,0,https://twitter.com/bulhandang19/status/1462234906629525508
윤석열이 종부세는 세금 폭탄이라고 허위 사실로 선동하고 있다 민주 사회를 위한 변호사 모임 시가 20억 아파트의 소유자 70세 보유기간 10년인 경우의 종부세는 많아야 25만 원이다 정의당 심상정 의원 집 부자들 대변하며 부자 감세에 앞장선 후보로는 대한민국 부동산 문제 영원히 해결 못 한다 ,2021-11-21,11,https://twitter.com/leesk0104/status/1462212426443542533
국민의 힘 윤석열 대선 후보는 20일 문재인 정부의 오만과 독선이 부동산 인재 人災를 불렀다 고 비판했다 Z2SJ3UJ0gm ,2021-11-21,1,https://twitter.com/nannana1232/status/1462205934415974404
 부동산시장 진단 ③ 많이 오른 곳부터 폭락 집값 상승률 1위 세종도 흔들 다음 뉴스 Fdg8v8zvss 정부는 관여하지 말고 시장에 맡겨야 기러기들과 투기꾼들에 흔들리지 말고 미친놈들이지 10억이 애들 장난감이냐 골 빈 놈들,2021-11-21,0,https://twitter.com/then5911/status/1462180603848183811
윤석열 전셋값 폭등 文 정부 오만과 독선이 부른 부동산 인재 출처 디지털타임스 네이버 뉴스 ijC6RJVi7v,2021-11-21,0,https://twitter.com/JD_1030/status/1462120874102992906
윤석열 검찰은 살아 있는 정권 수사해서 국민의 심당 지지 얻으려 펀드 사기 부동산 투기 범죄는 수사하지 않았다는 것인가 문재인 정부의 검찰총장이 이랬으니 ᆢ 출처 세대공감 블로그 zJxE9AMRtb,2021-11-21,0,https://twitter.com/pauljsk730/status/1462103075154444293
윤석열이 내년 건보료가 1 89 인상된다며 부과체계를 자산이 아닌 소득 중심으로 개편하겠다고 밝혔다 이에 민주당은 무책임한 국민 불안 거짓 선동이라고 비판했다 즉 월급쟁이 직장인들이 부동산 부자들 건보료를 대신 내라는 것이나 마찬가지다 전형적인 윤석열의 부자들을 위한 포퓰리즘이다,2021-11-21,65,https://twitter.com/binmudum/status/1462077769240748035
문재인 정부의 실정은 기성전 인사 실패에서 기인한다 깜도 안되는 김현미 같은 돌팍을 국토장관에 앉혀놓고 부동산 폭만으로 갈 때까지 의리를 지켰다는 것 윤석열도 최재형도 다 마찬가지 인사 실패가 원인이다 그 모든 인사 실패에 의한 똥 무덤을 이재명이 오롯이 다 덤터기 쓰고 있는 대선 형국이다 ,2021-11-20,0,https://twitter.com/cremon1229/status/1462066272263278592
윤석열 주거 참사 진행형 文 정부 독선이 부른 인재 人災 동아닷컴 Z0vddiafjJ 주거 참사 진행형 가계부채 세계 1위 인플레이션에 대한민국 부동산 1 4가 경매시장으로 몰리는 것은 아닐지 ,2021-11-20,0,https://twitter.com/Ritzgogh/status/1462043219219206146
그나저나 윤석열의 공략이 문제 많다는 의견이 많은 건 사실이지만 이재명보다는 표 모으는 방법을 알고 있었나 보네요 부동산 정책으로 중년 여성들의 표를 얻었다니 기혼 여성이 수는 많으니까요 ,2021-11-20,0,https://twitter.com/sadam_9doc/status/1462031915905548290
부동산에서 땅과 집을 분리해야 합니다 땅은 나라가 갖고 집은 사람이 갖는 형태로 가야 토지 불산 소득을 척결할 수 있습니다 불로소득 아닙니다 ,2021-11-20,0,https://twitter.com/solgga_history/status/1462031760334548994
만에 하나 이명박근혜를 대사면한다면 공공연히 문재인 정권을 심판해야 한다는 적폐 국민의 힘 당과 윤석열 후보의 사기를 진작하는 결과가 될 수밖에 없음은 보편적 상식 아닌가 청와대와 사전에 소통 교감하고 한 발언인가 지금이라도 부동산 정책 대실패의 책임을 물어 경제부총리 홍남기의 사표를 OHCHsP2uwS,2021-11-20,0,https://twitter.com/cjpcj/status/1462029597281861637
만에 하나 이명박근혜를 대사면한다면 공공연히 문재인 정권을 심판해야 한다는 적폐 국민의 힘 당과 윤석열 후보의 사기를 진작하는 결과가 될 수밖에 없음은 보편적 상식 아닌가 청와대와 사전에 소통 교감하고 한 발언인가 지금이라도 부동산 정책 대실패의 책임을 물어 경제부총리 홍남기의 사표를 tKAgZiC8Xf,2021-11-20,0,https://twitter.com/cjpcj/status/1462029359917666316
윤석열 文 부동산 정책 비판 오만과 독선이 부른 인재 人災 UvJCjE4qSW 햐 병신 중에 생병신이라니까 아니 지금 부동산 시장에 부채비율이 엄청나구먼 그걸 더 키우겠다고 나라 말아먹을 놈일쎄 ,2021-11-20,3,https://twitter.com/worship_ER/status/1461969346012585990
윤석열은 문재인 대통령의 검찰개혁 지시를 어기고 법무부장관에게 대들었다 이재명은 경기 지시사로서 실행력 있게 개혁했다 부동산 공급ㆍ가격 상승 문제 해결 이재명이면 가능하고 믿을만하지 않겠는가 ,2021-11-20,4,https://twitter.com/jskim730/status/1461966719094702081
문재인 정부의 무능과 오만과 독선이 부동산 실패를 불러와 역대 정부 이래 최악의 정부 수준으로 고통스러운 국민들 마음을 되돌리고 치유하기에도 난감하고도 힘든 시련을 젊은 세대와 집 없는 국민들이 강요당하고 있다고 윤석열 후보가 맹공을 퍼부었다 잘하리라 믿었던 준정부에 대한 기대는 무너지고 국민행복시대로의 꿈은 멀어지고 말았다,2021-11-20,0,https://twitter.com/x75ZYAvyoRPAOSm/status/1461942594489831424
윤석열 문 정부 부동산 정책 주거 안정 아닌 주거 참사 폭탄 독재 참사 수소 중심 전두환 정치 이게 무식한 윤석열 씨의 발언들이다 무식하면 말도 저질스럽고 조폭 같다는 것을 증명하는 것 같다 TIa7xldsZJ,2021-11-20,2,https://twitter.com/hopesniper/status/1461938906929246210
윤석열 선대위 구성 몰두 주거 참사 부동산 정책 비판 다음 뉴스 Hx23BJYsGf 부동산 문제가 얼마나 심각해질 거냐며 IMF 때 희생당한 70년 대생들이 천만인데 거의 거지꼴임 전세라도 살면 되는데 늙어서 저 세가 계속 오르면 주거 불안정 완전쌩거지가됨 이걸 문재원 노무현 정권이 만듦,2021-11-20,2,https://twitter.com/MindPoverty/status/1461931781943406602
윤석열 국민의 힘 대선 후보가 문재인 정부의 부동산 대책과 관련해 주거 참사를 야기했다며 강한 어조로 비판했다 아마 청약통장은 전력 계획이 없어서 모르신듯 VfiA0vgNu5,2021-11-20,0,https://twitter.com/KoPoliticGag/status/1461925882868740103
윤석열 文 부동산 정책 비판 오만과 독선이 부른 인재 人災 출처 한국일보 네이버 뉴스 zJMu5VAQj2,2021-11-20,0,https://twitter.com/sazahoo/status/1461910152102101002
이런 거 방치하면 지지율 격차 못 줄여 주택난 새로운 더 큰 이슈로 덮는 게 상책 20대 청년수당 매월 지급하라 Jaemyung_Lee 이재명 트윗 비서가 관리하나 윤석열 현 정부 부동산 대책 주거 안정 아닌 주거 참사 출처 한겨레 네이버 뉴스 z1b6pCGxFL,2021-11-20,1,https://twitter.com/KKK35123/status/1461909196799053824
윤석열 부동산 참사는 文 정부 독선 탓 일방통행 않겠다 다음 뉴스 QfDtqBkNRQ 윤초 장님 투기꾼 전 분당에서 마구 배설하듯 말 함부로 말지,2021-11-20,0,https://twitter.com/jmh9114/status/1461903206263377925
윤석열 文 부동산 정책 비판 오만과 독선이 부른 인재 人災 출처 한국일보 네이버 뉴스 NRyeetjCug 부동산 정책 실패에 대해선 뭐 할 말이 없네요 ,2021-11-20,0,https://twitter.com/hyoker3690/status/1461900677001711617
부동산 정책 비판 말곤 할 말 없는 집단이지만 막상 투기를 원천 차단할 개발이익 환수제 엔 반대하는 철면피 집단이 국짐당이다 치솟던 집값도 서울부터 폭락하기 시작이라 다행이다만 어버 윤석열과 토건 쓰레기 집단에게 나라는 맡기면 부동산은 지금보다 더 엉망이 된다 JofTC7Bzp5,2021-11-20,2,https://twitter.com/woodstock1000/status/1461900233885896704
청약통장도 모르는 이 새끼가 부동산을 떠들었는데 문제를 뭔지를 지적 않는 기리기 대출을 푼다고 작정하고 부동산 폭등 투기를 시키겠다는 것 윤석열 대통령 되면 대출 풀고 임대차 3법 손질 文 정부 주거 참사 다음 뉴스 smV0CzvVts,2021-11-20,10,https://twitter.com/GoodToMoney/status/1461899747212414979
윤석열 부동산 참사는 文 정부 독선 탓 일방통행 않겠다 Lby2MWVpKl,2021-11-20,0,https://twitter.com/cutehulk/status/1461899496724570114
 holythealleycat 윤석열 후보는 어이없는 말을 할 때가 있다 근거 없으며 과장해서 정부를 비판한다 종합부동산세는 국민 98 가 해당이 안 된다 아는 지식이 없어 판단을 못하고 적어 주는 대로 지껄이는 것 같다 설마 ,2021-11-20,0,https://twitter.com/equalitice/status/1461892932768727040
윤석열 현 정부 부동산 대책 주거안정 아닌 주거 참사 다음 뉴스 gFeTb25q73,2021-11-20,0,https://twitter.com/ij4R1p1XjrzVa3i/status/1461889976128327683
윤석열 부동산 실패 정부가 저지르고 왜 국민이 건보료 폭탄與 혹세무민 말라 AdXmyXd2BG ,2021-11-20,0,https://twitter.com/JeffreyInvest/status/1461888596378415106
윤석열 文 정부의 부동산 참사 오만과 독선이 부른 인재 x9qEA7QvSO,2021-11-20,1,https://twitter.com/saintrecord/status/1461886866903343116
윤석열 부동산 참사는 文 정부 독선 탓 일방통행 않겠다 url 5Ku43YDTxm,2021-11-20,0,https://twitter.com/bruceparkseoul/status/1461880984119300101
그런 정부에서 검찰총장 임명받았던 넌 뭐냐 윤석열 文 정부 오만 독선이 부동산 주거 참사 불러 일방통행 않겠다 다음 뉴스 NJl9ev3WBY,2021-11-20,0,https://twitter.com/sepal73_/status/1461875546791419905
윤석열 부동산 실패는 정부 세금 폭탄은 국민이 올해 끝내야 뉴스 동아닷컴 1utMxNrNLr,2021-11-20,0,https://twitter.com/nannana1232/status/1461874952529977345
윤석열 부동산 실패는 정부 세금 폭탄은 국민이 올해 끝내야 뉴스 동아닷컴 zBqWkw6ue4,2021-11-20,4,https://twitter.com/bongpalli/status/1461874950084730882
 patriamea 장모가 건강보험 23억 원 사기 친 죄로 징역 3년이 선고됐고 아산 땅투기로 132억 빼먹었고 농지법 위반하며 양평 아파트 불법 개발로 800억 챙겨 먹었고 김건희는 주가조작으로 개미 잡아먹었는데 윤석열은 부동산 세금과 건강보험 말하는 것이 정말 뻔뻔해도 너무 뻔뻔하구나,2021-11-20,2,https://twitter.com/MiamiMom00700/status/1461874865397538820
장모가 건강보험 23억 원 사기 친 죄로 징역 3년이 선고됐고 아산 땅투기로 132억 빼먹었고 농지법 위반하며 양평 아파트 불법 개발로 800억 챙겨 먹었고 김건희는 주가조작으로 개미 잡아먹었는데 윤석열은 부동산 세금과 건강보험 말하는 것이 정말 뻔뻔해도 너무 뻔뻔하구나,2021-11-20,0,https://twitter.com/MiamiMom00700/status/1461874823454507010
윤석열 부동산 참사는 진행형 文 정부 독선 탓 tYWPXPcEJw,2021-11-20,0,https://twitter.com/_sisanews/status/1461870234252374017
 vZ2KxaTo82 물통 민주당 정권이 4년 반해놓은 뚜렷한 성과는 없고 부동산 폭등에 검찰개혁은 한 발짝 전진도 없이 윤석열한테 뒤통수나 처맞으니 홍준표 신드롬이 2030에 부네 홍준표가 이룬 성과가 뭐가 있나 마치 자기가 호탕한 듯 지르는 말투만 있을 뿐이지 정말 씁쓸한 현상이다 ,2021-11-20,0,https://twitter.com/Krconservative/status/1461861505452937216
건보료뿐만 아니라 부동산 세금 등 국민에게 부담을 지울 땐 상대방 사정을 깊이 헤아려서 실행하기를 바란다 내일 아니라고 소수라고 무시하고 쉽게 결정하는 짓 좀 그만두고 윤석열 건보료 폭탄 올해가 마지막 소득 중심 부과로 개편 뉴스 동아닷컴 FHYRTN5bt4,2021-11-20,0,https://twitter.com/ChaChac11048488/status/1461856422530932736
 hopesniper 장모가 건강보험 23억 원 사기 친 죄로 징역 3년이 선고됐고 아산 땅투기로 132억 빼먹었고 농지법 위반하며 양평 아파트 불법 개발로 800억 챙겨 먹었고 김건희는 주가조작으로 개미 잡아먹었는데 윤석열은 부동산 세금과 건강보험 말하는 것이 정말 뻔뻔해도 너무 뻔뻔하구나,2021-11-20,0,https://twitter.com/MiamiMom00700/status/1461856047669391363
장모가 건강보험 23억 원 사기 친 죄로 징역 3년이 선고됐고 아산 땅투기로 132억 빼먹었고 농지법 위반하며 양평 아파트 불법 개발로 800억 챙겨 먹었고 김건희는 주가조작으로 개미 잡아먹었는데 윤석열은 부동산 세금과 건강보험 말하는 것이 정말 뻔뻔해도 너무 뻔뻔하구나,2021-11-20,1,https://twitter.com/MiamiMom00700/status/1461856016593788930
 국민 채점단 이재명 윤석열 박빙 승부 부동산 민심 잡을 공약은 출처 JTBC 네이버 뉴스 LFrTJRvAhX,2021-11-20,0,https://twitter.com/whmiso0729/status/1461822209253527555
윤석열 文 정권 부동산 폭등 도미노 건보료 폭탄 초래 출처 매일경제 네이버 뉴스 TIQmFxFcR9,2021-11-20,1,https://twitter.com/VYjxHebbWU95vMQ/status/1461797331922309131
이재명은 언제 이렇게 연구했대 윤석열의 종부세 폐지와 비교불가 청년 부동산 질문에 이재명 고퀄 답변 은 우연 아니었다 X3yGnt3wqH 출처 YouTube,2021-11-20,0,https://twitter.com/sam9238/status/1461744440528146433
한겨레 윤석열 실패한 부동산 정책에 건보료 폭등 부과체계 개편 BRWYDM9jQv 한겨레 사설 윤석열의 건강보험 공격 공부도 철학도 책임감도 없다 HPrSuMIwhU,2021-11-20,0,https://twitter.com/gungsilung/status/1461729488941686787
윤석열 건보료 기준은 재산 gt 소득이나 종부세 폐지 등의 메시지는 이른바 자기 또래 혹은 그의 장모 또래 등 부동산 소유하지만 소득은 없는 근데 세금 나오는 게 싫은 윤석열 지지층의 속마음이자 그들의 메시지인데 이걸로 가장 손해 보는 건 월급생활자겠고 목돈이 없는 청년 세 대겠지,2021-11-20,0,https://twitter.com/FLCLz/status/1461724595673710601
 국민 채점단 이재명 윤석열 박빙 승부 부동산 민심 잡을 공약은 BM5MioQJLw 이재명 후보 54 0점 윤석열 후보가 53 8점입니다 안철수 후보 51 8점 심상정 후보 50 5점입니다 집주인으로 가장 만나고 싶은 후보는 누군가요 이재명 후보가 26 4 윤석열 후보 20 9였습니다,2021-11-20,2,https://twitter.com/sks4147/status/1461722718148042758
 국민의 힘 윤석열 마누라 김건희는 주가조작 부동산 사기 학력 경력 허위 위조를 밥 먹듯이 한 사기꾼이다 이런 자는 절대로 영부인 될 자격 없다 죄수 될 자격만 충분하다 토리 엄마 김건희 후폭풍 野 아이 못 낳으면 국격 떨어뜨리는 건가 다음 뉴스 03HPy2RTXu,2021-11-20,24,https://twitter.com/Mesmerizingway/status/1461715009470287876
 국민 채점단 이재명 윤석열 박빙 승부 부동산 민심 잡을 공약은 4IQuUZN9Ex 당연히 행정가 이재명 아니겠는가 ,2021-11-19,2,https://twitter.com/earn75e/status/1461709801000353801
허재혁 기자님 윤석열이 주장하는 독재 국가에서 벌어진 일 조국 가족 수사로 멸문지화 손혜원 부동산 투기 의혹 기소 윤미향 정대협 관련 의혹 기소 원전 폐기 정책 관련 수사 한동훈 수사 방해 및 판사 사찰 한명숙 사건 검찰 감찰 방해 한동훈 명예훼손 유시민 이사장 기소 D76sSp00NO,2021-11-19,32,https://twitter.com/khkim2744/status/1461698193154924548
윤석열 후보 측 양 아냐 양아치들은 영어공부 막고 이재명 후보는 장사하는 사람들 재벌 만들어주고 고작 부동산 10억 가진 사람들과 취업 준비생들만 죽이는데 두 분 다 호흡이 척척 이네요,2021-11-19,0,https://twitter.com/uzRqvfTiJNzMHn7/status/1461698062955708416
 국민 채점단 이재명 윤석열 박빙 승부 부동산 민심 잡을 공약은 y6DHVxknAw,2021-11-19,3,https://twitter.com/JTBC_news/status/1461695765932302346
 국민 채점단 이재명 윤석열 박빙 승부 부동산 민심 잡을 공약은 다음 뉴스 vlvC2nMP7j,2021-11-19,4,https://twitter.com/earn75e/status/1461690946735656961
말이 되냐 안철수 주택 공약이 최고지 국민 채점단 이재명 윤석열 박빙 승부 부동산 민심 잡을 공약은 출처 JTBC 네이버 뉴스 xZM3eIkspd,2021-11-19,2,https://twitter.com/uBSPjCVXdlANPXJ/status/1461687480726409220
이재명 54 0점 VS 윤석열 53 8점 부동산 공약 평가 초박빙 pAWB3p836G 행정가대 검사의 대결이다 대통령이 뭐 하는 사람인지 생각해보자,2021-11-19,1,https://twitter.com/earn75e/status/1461684056584646656
윤석열 文 정권 부동산 폭등 도미노 건보료 폭탄 초래 출처 매일경제 네이버 뉴스 br76WgjtK0,2021-11-19,0,https://twitter.com/chevoskyanao/status/1461681490555662341
국민의 힘 윤석열 후보는 연일 현 정부 부동산 정책 실패를 강하게 비판하고 있습니다 오늘은 집값이 오르면 함께 오르는 건강보험료를 거론하며 건보료 폭탄은 올해가 마지막이라며 건보료 개편을 약속했습니다 JSkzXuQQBu,2021-11-19,2,https://twitter.com/TVChosunNews/status/1461679136888426498
윤석열 중국 대사 만나 한중관계 개선 부동산 따라 오른 건보료 개편 약속도 출처 MBN 네이버 뉴스 fRojgwJ2R7,2021-11-19,0,https://twitter.com/JD_1030/status/1461669392823906308
윤석열 중국 대사 만나 한중관계 개선 부동산 따라 오른 건보료 개편 약속도 출처 MBN 네이버 뉴스 NMu0lCzmXO,2021-11-19,0,https://twitter.com/mbnlive/status/1461668803268395013
공인중개사가 바라본 이재명 vs 윤석열 부동산 정책 비교 용산국제업무지구 용산민족공원 용산 이층 부동산 DcAOBzggzE,2021-11-19,0,https://twitter.com/sindison80/status/1461666395679125505
윤석열 부동산 실패는 정부 세금 폭탄은 국민이 올해 끝내야 mDtC9xjTKg,2021-11-19,0,https://twitter.com/kds2064/status/1461649084725432320
윤석열 文 정부 부동산 정책 실패로 국민은 건보료 폭탄 tgKiuLd3jE,2021-11-19,0,https://twitter.com/lch3579/status/1461639652150890497
친일 매국노들이 싫어하던 시대였지 조중동과 장제원 나경원 윤석열 황교안 권선동 김진태 곽상도 이런 놈들에게는 검사 출신과 검사들 계좌 조사해 보면 부동산 투기 잡을 수 있다 기자들은 그걸 잘 알기에 문재인 정부를 공격하는 것이다 자기들 계좌도 공개해야 할까 봐,2021-11-19,0,https://twitter.com/ilmang00/status/1461639598690340865
문 정부가 부동산 정책 실패해서 60대들의 표심이 떠난 거라면서 세금 많이 내라 해서 그런 거라며 60대들을 달래며 가야 했다는 개소리 두 가지를 합치길래 첫 번째와 두 번째는 다른 논리이고 세 번째로 갈 거면 민주당이 국민의 힘이랑 다를 이유가 없고 그래서 윤석열을 뽑겠다는 말은 그냥 개소리라고,2021-11-19,0,https://twitter.com/tomato_jy/status/1461624988365045764
윤석열의 폭탄 시리즈 집값 폭등으로 이번엔 건보료 폭탄 다음 뉴스 SAhSSNZvbI 부동산과 교육으로 까라고 했지 이렇게 꼬리에 꼬리를 물고 무궁무진하게 나온다는 거,2021-11-19,4,https://twitter.com/MindPoverty/status/1461622043238023168
윤석열 후보는 19일 건강보험료 지역가입자의 보험료 인상을 비판하며 건강보험료 부과 체계의 개편을 검토하겠다고 밝혔다 그는 11월분 건강보험료가 평균 6754원 인상된다는 소식을 언급하며 실패한 부동산 정책이 국민 부담 폭등의 도미노를 초래했다 고 비판했다 hZRlFBlyK6,2021-11-19,4,https://twitter.com/hanitweet/status/1461620263175524352
 hankookilbo 한국 일본 구더기들은 취재를 하나 부동산 정책이 실패했다고 지금 부동 간 가격이 더 오르지 않는 이유가 뭘까 부동산 가격 상승을 부채질했던 자들이 구김 당류였다는 걸 잊고 있는 건가 한국 일본 구더기들은 왜 숨 쉬고 있는 걸까 ,2021-11-19,0,https://twitter.com/Park_Hong_Joon/status/1461619132273598479
내 집구석 도둑도 잡자 어차피 윤석열 구속될 거 전과 4범의 부동산 게이트도 철저한 진상조사가 있어야 할 것이야 ,2021-11-19,0,https://twitter.com/Rlvdmstnv1/status/1461616581817954304
 lalapesto 전부 누구의 머리에서 계획이 됐을까요 성남시장과 유동규 남욱 등 부동산 토건세력들 박영수일까요 저것들이 변호사랍니다 윤석 열일까요 이재명이 성남 도개공에 전부 앉혀놓고 제대로 판을 짠 거죠 이재명은 전부다 알았고 계획과 실행을 했고 사인한 총결 재자 성남시장이니깐요,2021-11-19,2,https://twitter.com/ccc0402/status/1461613006274457606
윤석열 부동산 실패는 정부 세금 폭탄은 국민이 올해 끝내야 출처 동아일보 네이버 끝장을 내야 합니다 Ya59rGOsg6,2021-11-19,0,https://twitter.com/socool384/status/1461587319212093440
뭔가 지금 하는 행보로 윤석열의 기성전 부동산 폭등 프레임을 극복하는 게 가능할 거라는 생각은 별로 동의가 안감 난 여전히 인권 어젠다를 스스로 놓아버리는 순간 다른 답이 있는지 모르겠다 직관적으로 보이는 것을 제외하고 판단하지는 못하겠고 ,2021-11-19,0,https://twitter.com/mokpoll1/status/1461581981196558337
 impeter701 종부세는 서민 세 개 아니다 부동산 개발 수익을 국민에게 피터님 언론인들이 새끈한 워딩 뽑아서 사용해주세요 강남 부자 본부장 윤석열이 서민들을 거짓 선동한다,2021-11-19,0,https://twitter.com/Anko_master/status/1461579317473800196
윤석열 부동산 실패는 정부 세금 폭탄은 국민이 올해 끝내야 동아닷컴 SBNmXUhgAK,2021-11-19,0,https://twitter.com/chevoskyanao/status/1461574126066298880
윤석열 지지자가 이리 많은 것은 윤석열이 이재명보다 나아서가 아니라 민주당의 반개혁과 문재인 정부의 부동산 정책과 자원 분배의 실패로 인한 빈부 양극화에 기인한다 특히 이낙연 정세균과 김진표 같은 구태정치인들의 책임이 무척 크다 이제라도 이재명 후보에게 밀집하여 매진하기 바란다,2021-11-19,56,https://twitter.com/napalmogi/status/1461573115306250240
윤석열 文 정권 부동산 폭등 도미노 건보료 폭탄 초래 gt gt 남의 얘기 말고 윤석열의 생각은 뭘까 하긴 평생을 남한테 대드는 것으로 성공했으니까 DsdMKnd1fB,2021-11-19,0,https://twitter.com/hikim561/status/1461564657286541315
윤석열 文 정부 부동산 정책 실패로 국민은 건보료 폭탄 대통령 되면 건강보험료 부과 체계 개편 검토 짤은 내 생각 1h4pJodzei IhCYUbxbTC,2021-11-19,1,https://twitter.com/aranimous/status/1461560831913562112
월간조선 인터뷰를 읽고 있는데 윤석열 후보의 부동산 정책은 근본적으로 올라간 집값을 낮추는 것 등에 대한 생각이 없는 것으로 보임 이것은 결국 진입장벽을 만들어 국가 경쟁력을 갉아먹게 될 것이라고 생각함 청년 대책이라는 것도 모든 청년이 아닌 한 해에 선택받은 6만 명에 대한 특혜일 뿐임,2021-11-19,0,https://twitter.com/RightHand5/status/1461544996629143578
윤석열 부동산 폭등으로 건보료 폭탄 소득 중심으로 개편할 것 pRhYhd2dg2,2021-11-19,0,https://twitter.com/ntpress/status/1461539968665325572
윤석열 文 정부 부동산 정책 실패로 국민은 건보료 폭탄 CDscDJcHmz,2021-11-19,19,https://twitter.com/cutehulk/status/1461539448143839234
윤석열 부동산 실패 정부가 저지르고 왜 국민이 건보료 폭탄 lFkGGngA6q,2021-11-19,1,https://twitter.com/ysl0921/status/1461537809165029377
윤석열 부동산 실패 정부가 저지르고 왜 국민이 건보료 폭탄 KvdeJkNZnA,2021-11-19,0,https://twitter.com/rodspa0328/status/1461537754857148419
윤석열 부동산 실패 정부가 저지르고 왜 국민이 건보료 폭탄 QdGV5mX4d5,2021-11-19,0,https://twitter.com/kdw508/status/1461537700863827968
윤석열 부동산 실패 정부가 저지르고 왜 국민이 건보료 폭탄 SGsW68Nv1V,2021-11-19,0,https://twitter.com/kknn328/status/1461537626318540805
윤석열 文 정부 부동산 정책 실패로 국민은 건보료 폭탄 다음 뉴스 Y0pJg28nR7 알고나 지껄이는 건지 얘기사 좀 안 보게 공수처나 사법부는 빨리 잡아 처넣어라,2021-11-19,0,https://twitter.com/jthclick/status/1461536025876975619
윤석열 文 정부 부동산 정책 실패로 국민은 건보료 폭탄 다음 뉴스 h8awqKKfXP,2021-11-19,0,https://twitter.com/1973baek/status/1461532210385719298
윤석열 부동산 실패 文 케어 포퓰리즘에 집값 세금 건보료 폭등 국민 부담 사슬 끊겠다 출처 디지털타임스 네이버 뉴스 kZaVCBTafx,2021-11-19,0,https://twitter.com/freemacn/status/1461528773275181064
노무현의 최대치적은 종합부동산세의 신설 이명박의 최대 악정은 종합부동산세의 무력화였다 윤석열은 종합부동산세 검토를 내걸었고 이재명은 국토 보유세 거두어 기본소득 지급을 공약화했다 이번 대선은 이 나라를 부동산 공화국으로 만들 것이냐 경세제민으로 나아갈 것이냐의 변곡점이 될 것 oFQAu8u4ub,2021-11-19,0,https://twitter.com/dutscheong/status/1461527337078771712
윤석열도 국힘 지지자와 일체감은 전혀 없음 무식한 돼지인 건 다들 알지만 부동산으로 돈 벌고픈 욕망 문재인 감옥 보내고 싶다는 집념 하나로 표 주려고 하는 거 입으로만 문프엉엉하며 낙통령 망상 못 버리고 아직도 비대위 발광하는 드루킹 추종자 융 꿀 오소리들도 결국 투표로서 이 집단에 포함될 거,2021-11-19,0,https://twitter.com/gilbee20/status/1461526480484446209
윤석열 부동산 실패 文 케어 포퓰리즘에 집값 세금 건보료 폭등 국민 부담 사슬 끊겠다 출처 디지털타임스 네이버 뉴스 TwK0RHOe6d,2021-11-19,0,https://twitter.com/A4050/status/1461524552823889921
윤석열 부동산 실패 정부가 저지르고 왜 국민이 건보료 폭탄 출처 TV조선 네이버 뉴스 JjAV9AnGe0,2021-11-19,0,https://twitter.com/chaigom/status/1461524441402273792
윤석열 국민의 힘 대선 후보가 19일 건강보험 지역가입자 보험료 인상과 관련 부동산 정책 실패는 정부가 저질러 놓고 왜 가만히 있던 국민이 세금 폭탄과 건보료 폭탄을 맞아야 하는 거냐 고 비판했다 nFIF6UGm5C,2021-11-19,6,https://twitter.com/TVChosunNews/status/1461521285737893890
윤석열 건보료 폭탄 정부가 잘못했는데 왜 국민이 맞나 윤석열 국민의 힘 대선 후보가 19일 부동산 정책 실패는 정부가 저질러 놓고 왜 가만히 있던 국민이 세금 폭탄과 건보료 폭탄을 맞아야 하는 것인가라고 했다 rtxv4GJVii,2021-11-19,15,https://twitter.com/Udic2eUFg58SETD/status/1461515926688305155
윤석열 후보 배우자 김건희 씨의 도이치모터스 주가조작 의혹과 장모의 불법 부동산 투기 의혹 등을 언급 가족 전체가 크리미널 criminal 범죄자 패밀리가 아니냐는 지적을 받고 있다며 이같이 밝혔다 그럴 가능성이 100 다 최순실을 능가하는 김건희가 최은순이 될 것 yBbGLbcV4E,2021-11-19,5,https://twitter.com/TPk84U5dsmS7T1k/status/1461510179661307913
윤석열 건보료 폭탄 정부가 잘못했는데 왜 국민이 맞나 출처 조선일보 네이버 뉴스 p6tGWz5oss 집이 안식처인데 소득과 재산이라 하니 집값 하락하면 건보료 인하되니 누가 부동산 폭등시켜왔나요 다주택자 투기꾼요 천만에요,2021-11-19,1,https://twitter.com/VYjxHebbWU95vMQ/status/1461509084419481603
윤석열 국민의 힘 대통령 후보 amp quot 부동산 정책 실패로 세금 건보료 폭탄 amp quot 브레이크뉴스 b0vp1dvfxj,2021-11-19,0,https://twitter.com/BreakNewsCom/status/1461508983966269440
윤석열 부동산 정책 실패는 文 정부 건보료 폭탄은 국민이 맞아 출처 아이뉴스 24 네이버 뉴스 OM5Sm3tJJy 집 한 채 엔 건보료 부과 못하게 법 개정해야 하며 국민연금에서 건강보험료 뜯지 못하게도 해야 합니다,2021-11-19,1,https://twitter.com/VYjxHebbWU95vMQ/status/1461508523376873474
 대장동 개발이익 환수법을 국지 마당이 반대하고 있는 걸 보면 윤석열과 국지 마당이 집권하면 전국은 대장 동화된다는 어느 분 말이 귀와 눈에 쏙 들어오네 맞다 대장동 개발이익 환수법을 반대하고 있는 윤석열이 집권하면 전국이 대장동처럼 개발하고 돈 다해처먹고 부동산 가격은 올라감,2021-11-19,25,https://twitter.com/HbCHt8B8IrYvA5b/status/1461508150369013760
 1543884 문재인 보유국이라는 말 코로나 관련 K 방역 K 시리즈 역대급 대한민국 국격 상승 다만 부동산을 안정시키고자 했으나 가격이 폭등한 결과를 낳았으니 이 점은 인정 그러나 윤석열이 부동산을 안정시킬 수 있을까 청약저축이 뭔지도 모르는 사람이 ,2021-11-19,0,https://twitter.com/schumpeterian/status/1461505409278091270
 속보 윤석열 정부 부동산 정책 실패 왜 국민이 세금 폭탄ㆍ건보료 폭탄 맞아야 하나 출처 강원일보 네이버 uqGsaV84Uc,2021-11-19,0,https://twitter.com/kjs2212/status/1461503945759932416
윤석열 부동산 정책 실패 文 정부 국민은 건보료 폭탄 다음 뉴스 zvF4aLfSff 요양급여 부정수급 혐의 받는 장모 둔 네가 할 소리는 아닌 것 같다 그냥 입 닫아라,2021-11-19,1,https://twitter.com/Lordzzang/status/1461503677307383809
윤석열 정부 부동산 정책 실패 왜 국민이 세금 폭탄ㆍ건보료 폭탄 맞아야 하나 출처 강원일보 네이버 뉴스 qGnd4I8n35,2021-11-19,0,https://twitter.com/jangtaya/status/1461501858267078658
윤석열 건보료 폭탄 부동산 실패는 정부가 저질렀는데 왜 국민이 맞나 출처 조선비즈 네이버 뉴스 HVZ9cnfprd,2021-11-19,0,https://twitter.com/freemacn/status/1461500106125938694
윤석열 文 정부 부동산 정책 실패로 국민은 건보료 폭탄 다음 뉴스 wZq6Rteizx,2021-11-19,0,https://twitter.com/jjd8754/status/1461498273428951040
윤석열 건보료 폭탄 부동산 실패는 정부가 저질렀는데 왜 국민이 맞나 출처 조선비즈 네이버 뉴스 HuWJrZTrTB,2021-11-19,0,https://twitter.com/caro_Beethoven/status/1461497918880321538
윤석열 文 정부 부동산 정책 실패로 국민은 건보료 폭탄 다음 뉴스 ZbI9zgwFlx 돼지가 몰지각한 개돼지들에게 또 사탕 발린 오물을 투척했습니다 ,2021-11-19,0,https://twitter.com/LuisU1287/status/1461494745247612928
1 7에 해당하는 종부세 해당자들에게 부자를 종으로 만드는 종부세라 폐지한답니다 집 가진 자들한데 표구 걸 해서 나라를 투기판으로 만들 작정이냐 윤석열 부동산 양도세 낮추고 종부세 개편하겠다 G63WpIoRPt,2021-11-19,0,https://twitter.com/hong1391/status/1461482242103197696
 qUVyHo6vWS 좆같은 친일매국 지라시가 나라 망하라고 윤석열이라는 희대에 범죄자 새끼를 대통령 만들겠다고 지랄 염병 발광 중에 있고 온통 가짜 뉴스에 여론조작하고 김건희라는 주가조작 사기꾼과 장모 년 부동산 투기 온갖 범죄는 눈 감고 있는 지라시들과 기에 기년 놈들 내가 언론이고 국민이 언론이다,2021-11-19,0,https://twitter.com/dwoo726/status/1461462918071926785
펌 글 친정아버지는 충남 출신이신데 그쪽 어르신답게 윤석열 골수 지지자십니다 어머니는 민주당 전통 지지 자셨는데 부동산 때문에 오세훈 때부터 꾹 힘을 찍기 시작했고 지금은 두 후보 다 싫어하시고 주변에 많이 휘둘리지만 제가 그나마 되돌릴 수 있는 분입니다 ,2021-11-19,57,https://twitter.com/khkim2744/status/1461443370530721794
문재인 정부는 최대 실책은 부동산 정책이 아니라 윤석열 발탁이라고 생각해,2021-11-18,0,https://twitter.com/zammanvo/status/1461331097904582657
2022 국민의 힘 대선후보 윤석열 부동산 공약 총정리 Ukezie3SAF 출처 YouTube,2021-11-18,0,https://twitter.com/ohmahahm/status/1461315260321697795
2022 국민의 힘 대선후보 윤석열 부동산 공약 총정리 TIdDnBXWsG YouTube,2021-11-18,0,https://twitter.com/seldonharry1/status/1461286187578970114
윤석열은 정치 경험이 없는 게 아니라 상식과 도덕 인격이 부족한 겁니다 정치 4개월 했다고 해서 남북 관계 평화 문제나 복지 원전 부동산 국토균형 발전 조세 등 이런 상식적인 문제에 대해 모를 리는 없죠 그냥 관심이 없는 거지,2021-11-18,0,https://twitter.com/mickey77926/status/1461273072258871301
이재명은 언제 이렇게 연구했대 윤석열의 종부세 폐지와 비교불가 청년 부동산 질문에 이재명 고퀄 답변 은 우연 아니었다 SmNorsKPao 출처 YouTube,2021-11-18,0,https://twitter.com/4340002/status/1461265813579591681
이재명 尹 청약통장 모른다더니 종부세 셀프 감면 1 7 대변하는 정치 그만 eUOLGWplAW 尹 종부세 누구에게 폭탄 종부세 낼 1주택자는 전체 1 7 1 7 안에 윤석열 부부 포함 30억 원 부동산에 장기보유 혜택 110만 원 셀프 감액 대안 세금이 국민에게 가는 것 국토 보유세 통한 서민감세 j2An5onsh7,2021-11-18,1,https://twitter.com/dongjin9164/status/1461249479483400196
 happy_CSR_ 윤석열이 최재형이 등 국민이 위임한 힘 개에게나 줘 버리고 뭔 엉뚱한 말씀 부동산 그래 오를 수 있지 하지만 저런 개 같은 놈들 인사 실패는 그대들의 무능 아닌가 ,2021-11-18,0,https://twitter.com/dainmot/status/1461244295998889984
민주당과 캠프는 물론 이재명 후보와 의원들 모두 국 짐와 개발이익 환수법 반대와 윤석열의 종부세 폐지를 집중적으로 공격해 꾹 짐이 부동산 투기세력의 배후임을 국민들에게 알려야 한다 한두 번 찔끔하다 그만두지 말고 여론이 될 때까지 세게 몰아쳐야 한다,2021-11-18,4,https://twitter.com/twikth5169/status/1461226241722257412
부동산은 최은순 주식은 김건희 뒷배는 윤석열 패밀리 비즈니스는 이런 것이죠 그래도 좋냐 윤떡 지지자 병신 새끼들아 FgqGHNcHNr,2021-11-18,44,https://twitter.com/idesiremercy/status/1461220642267688960
윤석열 서울부동산 내가 파괴한다 BuDXJIFCYf,2021-11-18,4,https://twitter.com/turkeyfiend/status/1461218461699301376
윤석열 깡패를 키워낸 검찰개혁 이재명 사기꾼을 키워낸 지방분권 부동산을 폭등시킨 대장동 모델 화천 대유식 토지공개념 더불어 대장동 민주당 민주주의를 화천 대유로 알고 자빠진 무식과 오만 이명박을 비판하면서 이재명을 길러낸 좌 작폐 민주화 세력은 이참에 철저히 분쇄해 멸종 시켜야 한다,2021-11-18,0,https://twitter.com/aproman21/status/1461187625377615875
징벌과 세로 대변되는 규제 일변도의 부동산 정책이 부동산가격에 고스란히 전가되는 현상이 두 번 있었지 이재명 윤석열 청약통장은 모르고 종부세는 재검토 1 7만 대변 다음 뉴스 7D3zbVS085,2021-11-18,0,https://twitter.com/jimank71/status/1461176058279972867
윤석열 후보의 대선 상대는 이재명이 아니라 이재명보다 더 버거운 권력형 비리 본인과 조작과 허위 비리 부인과 부동산 비리 장모다 윤석열은 속히 터질 국참당의 폭탄이다 qLSpN68xR5,2021-11-18,9,https://twitter.com/Vinson61397083/status/1461168005568552963
이재명처럼 부동산에 빠삭해 토건업자들이 수천억 가져갈 수 있게 초과수익 환수 규정 안 넣는 짓 하는 것보다 차라리 청약통장도 모르는 게 윤석열이 낫다 부동산에 아예 관심 없다 소리니까 이재명처럼 리모델링 조합장 하던 새끼를 공기관 사장에 앉히는 게 훨씬 위험하다 uPhYbdd0He,2021-11-18,3,https://twitter.com/amoreupati/status/1461166326966554624
국민들에게 집 팔라고 하면서 너희들 뒤로는 집 안 팔고 다주택 유지하고 임대차 3법 시행 직전에 전셋값 올릴 때 윤석열은 집 팔고 1주택자 된 것 아니냐 너희들이 무슨 할 말이 있다고 어디서 부동산 문제로 큰소리치는 거냐 국민들이 개돼지로 보이고 만만하냐 ,2021-11-18,1,https://twitter.com/wdrhkfr_wrdtf/status/1461166097336467457
부동산 문제는 근본적으로 이명박근혜 사기 공화국 작품을 문재인 정부에 뒤집어 씌운 걸 본질적으로 보자 청년들 만난 이재명 민주당이 미움받는 제일 큰 이유는 부동산 ruigBjL4VJ 이재명 윤석열 청약통장은 모르고 종부세는 재검토 1 7만 대변 Noh4Zog4bU 연 사기꾼,2021-11-18,0,https://twitter.com/hanlife88/status/1461162484337807362
 iiinnnggg333 모든 부동산 업자들이 2021년 11월 안으로 윤석열에게서 100 돌아서게 해주세요,2021-11-18,3,https://twitter.com/ljCOm9EqgHcS2qT/status/1461157081474498562
이재명 더불어민주당 대선후보와 윤석열 국민의 힘 대선후보가 18일 오전 페이스북을 통해 맞붙었다 이 후보는 윤 후보가 부동산 부자를 대변한다고 비판했고 윤 후보는 민주당 측의 전 국민 방역지원금 문제에 날을 세웠다 Wx4KP7tTts,2021-11-18,1,https://twitter.com/OhmyNews_Korea/status/1461150645101027332
 윤석열은 종부세를 폐지한다는 말은 쉽게 들어오지만 이재명은 부동산 불로소득을 없애겠다는 말은 뭔가 와닿지가 않는다 칼럼 윤석열의 종부세 폐지와 이재명의 합니다 My2hmTYWeV,2021-11-18,3,https://twitter.com/moolpang/status/1461149507958104068
 나도 9수생 윤석열 수능 응원 메시지 냈다 9수생 삭제 RDCgyODPPd 금수저의 자식으로 검사로 조작 날조 짓 하던 놈이 뭐를 하겠다고 허위 주가 조작 부동산 투기 사문서 위조 부당 거래 나랏돈 내 돈 인생 줄리 장모 손잡고 빵에나 가라 마이 해 묵었다 아이가,2021-11-18,0,https://twitter.com/siminnmh/status/1461129897737220098
이재명은 언제 이렇게 연구했대 윤석열의 종부세 폐지와 비교불가 청년 부동산 질문에 이재명 고퀄 답변 은 우연 아니었다 7Jv4SOhjS7 출처 YouTube,2021-11-18,0,https://twitter.com/etchoe1/status/1461117541955244034
 포커스 윤석열 국민의 힘 대선후보 종합부동산세 1인 가구 폐지 내지는 전면 재검토 윤석열 종부세 폐지 VS 이재명 국토세 신설 이 후보는 윤 후보의 발언 하루 뒤 SNS을 통해 국민 90는 이익을 보는 국토세 악성 언론과 부패정치세력에 놀아나는 바보짓 z7rL6C3qHO,2021-11-18,0,https://twitter.com/pM68slZrpX2gYWy/status/1461116643099099142
이재명은 언제 이렇게 연구했대 윤석열의 종부세 폐지와 비교불가 청년 부동산 질문에 이재명 고퀄 답변 은 우연 아니었다 zTsv4ZFyXF 출처 YouTube,2021-11-18,1,https://twitter.com/Dead_KR/status/1461104079506219012
 윤석열은 종부세를 폐지한다는 말은 쉽게 들어오지만 이재명은 부동산 불로소득을 없애겠다는 말은 뭔가 와닿지가 않는다 사람들은 내가 어떻게 집을 살 수 있는지에 더 관심이 있다 종부세 부동산 정책 이재명 윤석열 아이엠피터 뉴스 FgnGwa5JGQ,2021-11-18,60,https://twitter.com/impeter701/status/1461100019688349698
이재명은 언제 이렇게 연구했대 윤석열의 종부세 폐지와 비교불가 청년 부동산 질문에 이재명 고퀄 답변 은 우연 아니었다 ortT6992U7 via YouTube,2021-11-18,41,https://twitter.com/eunie11/status/1461054544129904641
이재명 부동산 미움받는 가장 큰 이유 윤석열 천안함 폭침 北 소행 이런 저질 수준들을 데리고 대선을 치르겠다는 정치인들 다 잘라야 함 MPQoBOByMb,2021-11-18,0,https://twitter.com/dareto_tell_oo/status/1461038126445793280
이재명 부동산 미움받는 가장 큰 이유 윤석열 천안함 폭침 北 소행 이 두 도리들을 어쩜 좋아 너희들 두 명 때문에 너희들 당이 욕을 처먹는 거야 MPQoBOByMb,2021-11-18,0,https://twitter.com/dareto_tell_oo/status/1461037726275637248
이재명 부동산 미움받는 가장 큰 이유 윤석열 천안함 폭침 北 소행 다음 뉴스 g9dzcUrGgP,2021-11-18,0,https://twitter.com/donwhite3357/status/1461037707430273024
이재명 부동산 미움받는 가장 큰 이유 윤석열 천안함 폭침 北 소행 LbzchLcqIH,2021-11-18,0,https://twitter.com/u8uii1/status/1461034158415773697
 Jaemyung_Lee 아니 부동산 해결하겠다더니 세금 뚜드릴 생각만 하고 경제 살린다더니 윤석열 욕만 하고 젊은이가 힘들다고 하니 자기 약만 파네 십일 사법고시 없어졌는데 사법고시 보라는 겨 머야,2021-11-18,0,https://twitter.com/gimjuho/status/1461033627068743681
윤석열 후보는 자신이 이명박 전 대통령의 길을 답습하고 있다는 사실을 알고 있을까 보수정권이 밟아야 할 길이 이명박 정권밖에 없다고 생각하는 것은 단견이다 1980년대 후반 노태우 정권 은 부동산 투기 열풍을 잠재우기 위해 종합토지세와 토지공개념 3법을 도입했다 VXtAerPWtX,2021-11-18,4,https://twitter.com/New_paradigm/status/1461008154876022790
 정치 이재명 부동산 미움받는 가장 큰 이유 윤석열 천안함 폭침 北 소행 YTN A7dy28GMRg,2021-11-18,0,https://twitter.com/mesinzer/status/1461004940701503491
윤석열은 알고 있을까 자신이 누구와 닮아가는지 건강 수의 경세제민 부동산 보유세 논쟁 누가 부동산 공화국 해체할까 이재명 후보 국토 보유세로 밀고 가라 출처 세대공감 oKGh61Hz1N 블로그 pxjZ9eHJpm,2021-11-18,0,https://twitter.com/pauljsk730/status/1461002464568643592
이재명 부동산 미움받는 가장 큰 이유 윤석열 천안함 폭침 北 소행 dBQBMzyIaP 이재명이 미움받는 가장 큰 이유는 부동산이 아니라 그 자신의 언행인데 또 그걸 모르는구나,2021-11-18,0,https://twitter.com/babonews/status/1460990450173546499
1 민주당 소통합시다 당정 간에 말조심하고 이러다가 정말로 윤석열이 대통령 되면 나라 망한다 또다시 이명박근혜로 돌아가 20년 후퇴한다 민주진영은 정신 바짝 차려야 할 것이다 국민 여러분 현 정부가 코로나 시대에 잘못한 것은 부동산 정책 외에는 잘했지 않습니까 물론 코로나로,2021-11-18,2,https://twitter.com/TdkOmyDNxPcmGnK/status/1460986452536291339
대장동 설계하고 한탕씩 해먹고 부동산 공화국에 화룡점정을 찍은 자들이 부동산 공화국 보다 먼저 해소되야 앞뒤가 맞지 않겠냐 이재명 부동산 공화국 해소해야 vs 윤석열 정부 천안함 유족 마음에 상처 출처 뉴시스 네이버 뉴스 8mOdw23xTf,2021-11-17,5,https://twitter.com/aasssdddaaa/status/1460971322930909184
이재명 부동산 미움받는 가장 큰 이유 윤석열 천안함 폭침 北 소행 5fJEBSPpwQ,2021-11-17,0,https://twitter.com/YTN24/status/1460968494036819969
국민의 힘 당위 부동산 세계적으로 부동산 폭락할 때 한국만 오르는 기적의 수치 정치를 문자 그대로 아예 모르는 윤석열이 부동산을 잡아준다고요 a0KryMdYO1,2021-11-17,0,https://twitter.com/rhoades97347343/status/1460958026198773761
Fighting Stigma 尹의 종부세 재검토 때린 조국 지역 불평등 심화될 것 MSN 조국 전 법무부 장관이 윤석열 국민의 힘 대선 후보의 종합부동산세 전면 재검토 공약에 대해 지역 불평등이 더 심화할 것이라고 지적했다 RPLG36bvuC,2021-11-17,0,https://twitter.com/PairsonnalitesA/status/1460955409670291457
윤석열 종부세 폐지 VS 이재명 국토세 신설 대결 본격화 5TEqSp9ypS 부동산은 태어나기 전부터 이미 기울어진 운동장이다 기회의 평등은 말로만 평등일 뿐이고 기울어진 운동장 해결은 조건의 평등이다 국토부 유세는 조건의 평등을 위한 부동산 개혁이다 ,2021-11-17,2,https://twitter.com/kzaanfever/status/1460951417561096193
윤석열 당선되면 부동산 또 불 잘 될 거 같은데,2021-11-17,0,https://twitter.com/frilicc/status/1460945454535823366
부동산 폭등해서 정권 심판해야 한다며 근데 윤석열이 부동산 잡을 거 같은가 ,2021-11-17,0,https://twitter.com/methis4u/status/1460921612732362754
이재명의 일일 2망언 1 與 규탄 받을 잘못 안 했지만 부동산 때문에 미움받아 이거야말로 개사와 네 윤석열은 사과할 때 일체 변명을 뺀다고 하더라 좀 배워라 오죽 기성 정치인들이 거지 같으면 정치 입문 5개월 신입이 추월할 지경인 거냐,2021-11-17,2,https://twitter.com/nownet1117/status/1460918230508183561
 MindPoverty 규탄 받을 잘못 안 했지만 부동산 때문에 미움받아 이란 게 개사와 지 윤석열 좀 배우지 사과할 때는 절대 변명부터 하면 안 되는데 ,2021-11-17,2,https://twitter.com/nownet1117/status/1460916616594558977
경찰 윤석열 처가 양평 고흥지구 특혜 의혹 정식 수사 전환 다음 뉴스 sgeR4KGr45 있을 수 없는 일이 일어났다 검사 사위 낀 최은순 일가의 권력형 부동산 투기 범죄 양평군수 국짐당 김선교 여주지청장 윤석열이 이 사건의 배후 ,2021-11-17,3,https://twitter.com/oh276/status/1460909450496118784
또 장모님의 부동산 개발 특혜 의혹 윤석열 패밀리의 비즈니스 한계는 어디인가 39oMSybhOg,2021-11-17,712,https://twitter.com/jk_space/status/1460884910105710595
 단독 경찰 윤석열 장모 양평 고흥지구 의혹 정식 수사 전환 tfor66fA2N 사위가 검사였을 때가 좋았지 요양병원 보험료 쇼킹하고 주가조작도 하고 부동산 투기도 맘대로 ,2021-11-17,3,https://twitter.com/telavi93/status/1460881825635528704
경찰 윤석열 처가 양평 고흥지구 특혜 의혹 정식 수사 전환 다음 뉴스 3PnXTDx7nL 정부 부동산 정책에 반한 행동한 놈의 가족들이다 정권 잡으면 돈 많이 벌겠구나 ,2021-11-17,0,https://twitter.com/longnps/status/1460881570869366785
 ndDRGRDjMG 부동산 공약을 놓고 탐색전 을 벌이던 윤석열 국민의 힘 대선후보와 이재명 민주당 대선후보가 세부 공약에서 극명한 색깔 차이를 드러내고 있다 ,2021-11-17,8,https://twitter.com/kyunghyang/status/1460876671154753538
이재명은 언제 이렇게 연구했대 윤석열의 종부세 폐지와 비교불가 청년 부동산 질문에 이재명 고퀄 답변 은 우연 아니었다 X3yGnt3wqH 출처 YouTube,2021-11-17,0,https://twitter.com/sam9238/status/1460873642447753219
윤석열은 부자 감세 이재명은 보편타당 감세 부동산 가격 상승은 문재인 정부 때문이 아닙니다 수요 공급의 경제 논리에 따라 움직인 탓입니다 90년대 IMF 사태가 당시 정부 탓이 아닌 것처럼 속지 마시길 바라요 0VD47KqZjM,2021-11-17,0,https://twitter.com/terry_jeohn/status/1460865836260859904
윤석열의 부동산 정책 북한이랑 전쟁하면 똥 값됨,2021-11-17,1,https://twitter.com/chinchin74/status/1460861296899870722
